term,estimate,Est.Error,lower,upper,model
SPECIESISSJ,-1.8066396742503859,0.6083952436556579,-3.0240750594673758,-0.653701157318952,alarm_prob
TREATMENTHAWK,1.4862068809617592,0.6875153629516294,0.15046440734075495,2.8760093524123986,alarm_prob
GROUP.SIZE,0.686919243878979,0.2889375285980097,0.16605055478127123,1.2866609327468959,alarm_prob
SEASONWINTER,0.15903723249295307,0.5051841026416583,-0.8107682362502847,1.1676135944359984,alarm_prob
SPECIESISSJ:TREATMENTHAWK,0.9281106325868336,0.8008569936234932,-0.611150716559738,2.477961740975991,alarm_prob
HYPOTENUSE,0.08793078670447106,0.2517268538350445,-0.4159495902973825,0.5846189150574269,alarm_prob
PLAYBACKYES,0.9104325764556747,0.8429071354897082,-0.7123190791042036,2.6145762280766855,alarm_prob
