term,estimate,Est.Error,lower,upper,model
SPECIESISSJ,-0.34286620674703144,0.3544316241544614,-1.0450079150507838,0.3414149272663594,number_alarm
TREATMENTHAWK,1.0891369722115147,0.3299294049594404,0.4375018017619455,1.7371298191458497,number_alarm
GROUP.SIZE,0.5137672421735774,0.10535616796974398,0.3152437237791348,0.7322163757741982,number_alarm
SEASONWINTER,0.5199518142470767,0.23097215163403403,0.0775313497191284,0.9733994812685293,number_alarm
SPECIESISSJ:TREATMENTHAWK,0.024509209402135596,0.40611656695313053,-0.7688766807611409,0.8313340466392739,number_alarm
HYPOTENUSE,0.00763252219021254,0.11849561453134781,-0.2244881489781697,0.23856189289976806,number_alarm
PLAYBACKYES,0.05027003959617306,0.4963623912735592,-0.9321144840425969,1.0403013894058761,number_alarm
